Idlocalidad,localidadalec,Nombre,Departamento,Latitud,Longitud,año fundación,asnv,temperatura,área,población,Comentarios,actividadeseconomicas,viasdeacceso,fechaencuesta,fechacomplementaria,observaciones,páginaweb
Ch01_,Ch1,Acandí,Chocó,"8,533321","-77,2332",1887,5,28,1858,10500,"El territorio es en su mayor parte montañoso,  con extensas selvas húmedas y gran variedad de flora y fauna.","agricultura,  ganadería,  pesca,  explotación forestal","marítima: Mar Caribe,  fluvial: ríos Tanela,  Tolo,  Atrato,  caminos a través de la selva",26/07/1975-28/07/1975,0,,www.acandi-choco.gov.co/
Ch10_,Ch10,Riosucio,Chocó,"7,43805","-77,117157",1880,18,28,10373,9895,"El territorio es en su mayor parte plano,  bajo,  cenagoso y cubierto de selva.","agricultura,  minería,  pesca,  explotación forestal",fluvial,21/07/1975-23/07/1975,0,,www.riosucio-choco.gov.co/
Ch30_,Ch30,Bahía Solano (o Ciudad Mutis),Chocó,"6,948835","-77,67025",1935,5,28,1150,0,El territorio es más o menos montañoso y su relieve corresponde a la serranía del Baudó,"agricultura,  ganadería,  pesca","marítima,  aérea",07/02/1975-10/02/1975,0,,www.bahiasolano-choco.gov.co/
Ch03_,Ch3,Coredó,Chocó,"6,216671","-77,399712",0,0,0,0,0,"Corregimiento del municipio de Juradó,  al sureste de esta cabecera municipal,  en la costa de la bahía de Humboldt","pesca,  cultivos de arroz,  cultivos de plátano",0,08/02/1975-09/02/1975,0,,0
Ch04_,Ch4,Tutunendo,Chocó,"5,746405","-76,544237",0,0,0,0,0,"Corregimiento del municipio de Quibdó,  al noroeste de esta ciudad,  la cual dista a 19 kms. por carretera",0,carretera: desde Quibdó,13/08/1974-15/08/1974,0,,0
Ch05_,Ch5,Arusí,Chocó,"5,578315","-77,483225",0,0,0,0,0,"Corregimiento del municipio de Nuquí,  al sureste de esta población,  sobre la costa del Océano Pacífico",0,0,11/02/1975-12/02/1975,0,,0
Ch06_,Ch6,Cérteguí,Chocó,"5,399986","-76,600027",0,0,0,0,0,"Corregimiento del municipio de Tadó,  al noroeste de esta cabecera municipal,  de la cual dista 18 kms. por carretera",0,carretera: desde Tadó,10/08/1974-12/08/1974,0,,www.certegui-choco.gov.co/
Ch60_,Ch60,Nóvita,Chocó,"4,955938","-76,606808",1709,70,28,1184,7096,0,"explotación de oro,  explotación de platino,  agricultura,  pesca","carretera: se comunica con Condoto,  Istmina,  Quibdó",06/08/1974-08/08/1974,0,,www.novita-choco.gov.co/
V_02_,V2,Cartago,Valle del Cauca,"4,74307","-75,911064",1540,917,23,279,71123,El territorio es en su mayor parte plano y corresponde al fértil valle del río Cauca,"agricultura,  ganadería,  comercio,  industrias,  minería","carretera,  férrea,  aérea",24/06/1968-25/06/1968,0,,www.cartago.gov.co/
V_20_,V20,Toro,Valle del Cauca,"4,666667","-76,083333",1573,950,23,166,20920,0,"agricultura,  ganadería,  minería",carretera: con poblaciones vecinas,22/06/1968,0,,www.toro-valle.gov.co/
V_21_,V21,Roldanillo,Valle del Cauca,"4,416651","-76,150028",1576,966,23,217,22655,En el territorio hay dos regiones diferentes: una plana y otra montañosa,"ganadería,  agricultura,  comercio,  minería","carretera: con las poblaciones de Bolívar,  El Dovio,  La Unión,  Zarzal",23/06/1968,0,,www.roldanillo-valle.gov.co/
V_03_,V3,Buenaventura,Valle del Cauca,"3,886434","-77,070637",1821,7,28,6078,108550,La mayor parte de las tierras están cubiertas de selva y cruzadas por numerosos y caudalosos ríos. Hay muchos habitantes de raza negra. Es el principal puerto de Colombia en el Océano Pacífico,"comercio,  minería,  explotación forestal,  pesca marina,  pesca fluvial,  agricultura,  ganadería","carretera,  férrea,  aérea",19/12/1968-20/12/1968,0,,www.buenaventura.gov.co/
V_04_,V4,Sevilla,Valle del Cauca,"4,274774","-75,939871",1903,1612,20,677,47018,El territorio es en su mayor parte montañoso.,"agricultura,  ganadería,  comercio,  minería,  explotación forestal",carretera: con ciudades y poblaciones vecinas,20/06/1968,0,,www.sevilla-valle.gov.co/
V_04a,V4a,Caicedonia,Valle del Cauca,,,1910,1100,23,219,29385,El territorio es en su mayoría montañoso,"agricultura,  ganadería,  comercio","carretera: con Armenia,  Calarcá,  Sevilla",19/06/1968-21/06/1968,0,,www.caicedonia-valle.gov.co/
V_40_,V40,Andalucía,Valle del Cauca,"4,166664","-76,166668",1905,955,23,168,13476,"En el territorio hay una región plana,  al occidente,  y otra montañosa,  al oriente.","agricultura,  ganadería","carretera: con el resto del Valle,  férrea: con Bugalagrande,  Tuluá,  otras",27/06/1968,0,,www.andalucia-valle.gov.co/
V_41_,V41,Darién (o Calima),Valle del Cauca,"3,929806","-76,482353",1912,1485,20,1154,14679,El territorio es en su mayor parte montañoso.,"agricultura,  ganadería,  minería",carretera: con el resto del Valle,17/06/1968-18/06/1968,0,,www.calimaeldarien-valle.gov.co/
V_42_,V42,Buga,Valle del Cauca,"3,899985","-76,300027",1575,969,23,832,85827,"En el territorio hay una región plana o ligeramente ondulada,  al occidente,  y otra montañosa,  al oriente.","agricultura,  ganadería,  comercio,  industria","carretera,  férrea: ambas con el resto del Valle",19/12/1968-21/12/1968,0,,www.guadalajaradebuga-valle.gov.co/
V_05_,V5,Dagua,Valle del Cauca,"3,655707","-76,695085",1909,828,24,886,26827,El territorio es en su mayor parte montañoso,"agricultura,  ganadería,  minería,  explotación forestal","carretera,  férrea: ambas con Buenaventura",26/01/1968,0,,www.dagua-valle.gov.co/
V_06_,V6,Ginebra,Valle del Cauca,"3,723223","-76,268206",1909,1100,23,313,10476,0,"agricultura,  ganadería",carretera: con otras poblaciones del Valle,25/01/1968,0,,www.ginebra-valle.gov.co/
V_60_,V60,Palmira,Valle del Cauca,"3,540321","-76,306443",1688,1001,23,1123,157629,0,"agricultura,  industria,  ganadería,  comercio y minería","carretera,  férrea: ambas con Cali,  Buenaventura,  Popayán,  Buga etc.,  aérea",27/01/1968;28/06/1968,0,,www.palmira.gov.co/
V_61_,V61,Cali,Valle del Cauca,"3,420551","-76,522179",1536,955,23,564,771983,"Es el centro urbano más importante del occidente del país,  el tercero de Colombia por su población,  desarrollo cultural y económico y uno de los que más atraen gente de muchos lugares,  especialmente de departamentos vecinos como Caldas,  Tolima,  Chocó,  etc.","industrias,  comercio","carretera,  férrea,  aérea: con el resto de Colombia",16/12/1968-17/12/1968,0,,www.cali.gov.co/
V_62_,V62,Florida,Valle del Cauca,"3,327457","-76,238658",1833,1038,23,378,27180,El territorio comprende extensas zonas planas y montañosas.,"agricultura,  industrias,  ganadería",carretera: con las poblaciones y ciudades vecinas.,24/01/1968,0,,www.florida-valle.gov.co/
V_63_,V63,Robles,Valle del Cauca,"3,128304","-76,593043",1533,0,0,0,0,"Localidad del municipio de Jamundí,  al suroeste de esta última población,  de la cual dista 20 kms. por carretera. Los habitantes son todos de raza negra",0,carretera: desde  Jamundí,21/01/1968-22/01/1968,0,,0
Ca01_,Ca1,Timbiquí,Cauca,"2,766664","-77,633321",1500,5,28,1813,15270,El territorio es en su mayor parte llano,"agricultura,  ganadería,  minería,  pesca",fluvial,20/02/1975-21/02/1975,0,,www.timbiqui-cauca.gov.co/
Ca10_,Ca10,San Juan de Mechengue,Cauca,"2,533304","-77,216699",0,0,0,0,0,"Localidad del municipio de El Tambo,  al noroeste de esta cabecera municipal,  de la cual dista 80 kms. por camino de herradura",0,camino de herradura: desde El Tambo,18/08/1975-19/08/1975,0,,0
Ca02_,Ca2,Santander de Quilichao,Cauca,"3,01667","-76,483126",1543,1072,23,597,37486,0,"agricultura,  ganadería,  minería","carretera,  férrea: ambas con Cali,  Popayán y varias poblaciones del departamento",29/06/1973-01/07/1973,0,,www.santanderdequilichao-cauca.gov.co/
Ca20_,Ca20,Morales,Cauca,"2,758476","-76,626849",1762,0,0,0,0,Caserío del municipio de Caloto.,0,camino de herradura: con la cabecera municipal,27/06/1973-28/06/1973,0,,www.morales-cauca.gov.co/
Ca21_,Ca21,Silvia,Cauca,"2,616583","-76,38339",1794,2521,15,813,16959,El territorio es en su mayor parte montañoso,"agricultura,  ganadería,  minería",carretera: con Popayán y varias poblaciones del departamento,24/06/1973-26/06/1973,0,,www.silvia-cauca.gov.co/
Ca03_,Ca3,Patía (El Bordo),Cauca,"2,166623","-77,08334",1830,998,23,650,10500,El territorio es en su mayor parte montañoso pero también tiene extensas zonas planas,"agricultura,  ganadería,  minería","carretera: con Popayán,  Pasto y otras localidades de los departamentos de Cauca y Nariño",14/09/1974-17/09/1974,0,,www.patia-cauca.gov.co
Ca30_,Ca30,Bolívar,Cauca,"1,834961","-76,966803",1794,978,23,602,22521,En el lugar hubo una población indígena anterior a la conquista española. El territorio es en su mayor parte montañoso,"agricultura,  ganadería,  minería,  explotación forestal",carretera: con poblaciones vecinas,11/09/1974-14/09/1974,0,,www.bolivar-cauca.gov.co
Ca04_,Ca4,Popayán,Cauca,"2,433255","-76,616592",1536,1738,19,512,85719,Ciudad capital del departamento del Cauca. El territorio en su mayor parte es montañoso.,"industrias,  comercio","carretera,  férrea,  aérea: con el resto de Colombia",06/1971;07/1971,0,,www.popayan-cauca.gov.co/
Ca40_,Ca40,La Sierra,Cauca,"2,184152","-76,761743",1819,1833,18,217,8222,El territorio es en su mayor parte montañoso,"agricultura,  minería",carretera: con La Vega y Rosas,18/09/1974-21/09/1974,0,,www.lasierra-cauca.gov.co
N_01_,N1,Iscuandé,Nariño,"2,56638","-78,033357",1600,5,27,0,5441,0,0,0,03/08/1973-05/08/1973,0,,0
N_03_,N3,Tumaco,Nariño,"1,806565","-78,764806",1794,2,28,3760,80279,El territorio es en su mayor parte plano,"actividad portuaria,  pesca,  comercio,  explotación forestal,  agricultura,  ganadería,  minería","carretera,  aérea: ambas con el resto del país",30/07/1973-01/08/1973,0,,www.tumaco-narino.gov.co/
N_30_,N30,Barbacoas,Nariño,"1,672367","-78,137598",1600,36,28,3427,18382,El territorio es en su mayo parte montañoso. Sus habitantes son en gran parte de raza negra,"minería,  explotación forestal,  agricultura,  ganadería,  comercio","carretera: con Tumaco,  Pasto y otras localidades de Nariño. Fluvial: es puerto sobre el río Telembí",25/02/1961-28/02/1961,0,,www.barbacoas-narino.gov.co/
N_31_,N31,Ricaurte ,Nariño,"1,211898","-77,982481",1881,1181,22,1211,8258,0,"agricultura,  ganadería","carretera: con Pasto,  Barbacoas,  Tumaco,  etc.",07/08/1973-09/08/1973,0,,www.ricaurte-narino.gov.co/
N_04_,N4,La Cruz,Nariño,"1,600985","-76,971502",1540,2162,17,257,17108,El territorio es en su mayor parte montañoso.,"agricultura,  ganadería,  minería,  comercio,  explotación forestal",carretera: con Pasto y varias poblaciones.,06/03/1961-07/03/1961,0,,www.lacruz-narino.gov.co/
N_40_,N40,La Florida,Nariño,"1,298041","-77,404186",1820,2180,17,139,9928,El territorio es en su mayor parte montañoso.,"agricultura,  ganadería y minería","carretera: con Pasto,  El Tambo y Sandoná,  en el departamento de Pasto",02/03/1961-03/03/1961,0,,www.laflorida-narino.gov.co/
N_06_,N6,Potosí,Nariño,"0,807468","-77,57309",1538,2746,13,397,8879,El territorio es en su mayor parte montañoso.,"agricultura,  ganadería",carretera: con Ipiales y el resto de Nariño.,23/02/1961-24/02/1961,0,,www.potosi-narino.gov.co/
P_01_,P1,Mocoa,Putumayo,"1,155975","-76,647062",1551,595,25,14793,15995,Es capital de la intendencia nacional del Putumayo,"agricultura,  ganadería,  comercio,  caza,  pesca","carretera: con Pasto,  Puerto Asís y otras localidades.",05/07/1975-07/07/1975,0,,www.mocoa-putumayo.gov.co/
Co01_,Co1,San Antero,Córdoba,"9,384413","-75,756054",1687,27,28,241,11071,El territorio es en su mayor parte llano,"agricultura,  ganadería",carretera: con varias poblaciones de Córdoba,11/11/1973-13/11/1973,0,,www.sanantero-cordoba.gov.co/
Co10_,Co10,Puerto Escondido,Córdoba,"9,018545","-76,261554",No se conoce,12,28,394,11077,El territorio es en su mayor parte quebrado,"agricultura,  ganadería,  pesca",carretera: con Montería y poblaciones cercanas,15/12/1974-17/12/1974,0,,www.puertoescondido-cordoba.gov.co/
Co11_,Co11,Cereté,Córdoba,"8,885199","-75,787168",1721,19,28,351,38936,0,"ganadería,  agricultura",carretera: con Montería y varias localidades del departamento,13/11/1973-14/11/1973,0,,www.cerete-cordoba.gov.co/
Co02_,Co2,Sahagún,Córdoba,"8,949938","-75,450025",1776,82,28,986,45305,0,"agricultura,  ganadería,  comercio",carretera: con poblaciones cercanas,09/11/1973-11/11/1973,0,,www.sahagun-cordoba.gov.co/
Co03_,Co3,Tres Palmas,Córdoba,"8,489351","-75,94986",No se conoce,0,0,0,0,"Corregimiento del municipio de Montería,  al suroeste de esta ciudad,  de la cual dista 42 kms. por carretera",0,"carretera,  fluvial: ambas con Montería",01/11/1973-03/11/1973,0,,0
Co30_,Co30,Tierra Alta,Córdoba,"8,179102","-76,060452",1912,135,28,5310,38373,El territorio es en su mayor parte montañoso,"ganadería,  agricultura,  explotación forestal",carretera: con Montería y poblaciones cercanas,29/10/1973-31/10/1973,0,,www.tierralta-cordoba.gov.co/
Co04_,Co4,Planeta Rica,Córdoba,"8,416572","-75,583448",0,87,28,1024,24576,El territorio es en su mayor parte plano,"agricultura,  ganadería",carretera: con Montería y poblaciones vecinas de los departamentos de Córdoba y Antioquia. Aéreo,07/11/1973-09/11/1973,0,,www.planetarica-cordoba.gov.co/
Co40_,Co40,Ayapel,Córdoba,"8,316645","-75,149993",1534,22,28,2720,43015,Con base en un pueblo de origen prehispánico. El territorio es en su mayor parte plano y cenagoso,"ganadería,  agricultura",carretera: con localidades vecinas,04/11/1973-06/11/1973,0,,www.ayapel-cordoba.gov.co/
A_01_,A1,Turbo,Antioquia,"8,095091","-76,732421",1840,2,28,4321,55763,0,"agricultura,  comercio",carretera: con Medellín. Puerto marítimo sobre el Caribe. Vía fluvial del Atrato,24/07/1975-25/07/1975,0,,www.turbo-antioquia.gov.co/
A_02_,A2,Nechí,Antioquia,"8,10003","-74,783345",0,0,0,0,0,"Localidad en el municipio de Caucasia,  al noroeste de esta población,  de la cual dista 70 kms por carretera",0,carretera: con Caucasia,23/03/1976-28/03/1976,0,,www.nechi-antioquia.gov.co/
A_20_,A20,Caucasia,Antioquia,"7,983269","-75,200043",1630 (? o 1918),50,28,2143,41603,El territorio es en su mayor parte llano.,"agricultura,  ganadería,  minería,  explotación forestal","carretera,  aérea: ambas con el resto del país",30/07/1975-03/08/1975,0,,www.caucasia-antioquia.gov.co/
A_03_,A3,Chigorodó,Antioquia,"7,670674","-76,682768",1878,40,28,1040,10275,El territorio es en su mayor parte plano,"agricultura,  ganadería",carretera: con Medellín y varias poblaciones de Antioquia,08/08/1974-12/08/1974,0,,www.chigorodo-antioquia.gov.co/
A_30_,A30,Ituango,Antioquia,"7,166641","-75,750035",1858,1575,19,2442,24413,El territorio es montañoso en su mayor parte,"agricultura,  ganadería","carretera,  aérea: ambas con Medellín y diversas localidades",14/06/1961-16/06/1961,0,,www.ituango-antioquia.gov.co/
A_31_,A31,Dabeiba,Antioquia,"6,999718","-76,268055",1858,450,26,2262,31613,El territorio es en su mayor parte montañoso,"agricultura,  ganadería,  pesca,  explotación forestal","carretera: con Medellín,  Turbo y otras localidades de Antioquia",08/12/1960-10/12/1960,0,,www.dabeiba-antioquia.gov.co/
A_32_,A32,Frontino,Antioquia,"6,781217","-76,125083",1806,1317,21,1265,23547,El territorio es en su mayor parte montañoso,"agricultura,  ganadería,  minería,  explotación forestal",carretera: con algunas poblaciones de Antioquia,06/04/1973-09/04/1973,0,,www.frontino-antioquia.gov.co/
A_04_,A4,Cáceres,Antioquia,"7,57835","-75,34853",1576,85,28,3264,24796,El territorio es en su mayor parte montañoso,"agricultura,  ganadería,  pesca,  explotación forestal",carretera: con Medellín y varias poblaciones de Antioquia,17/06/1961-19/06/1961,0,,www.caceres-antioquia.gov.co/
A_40_,A40,Zaragoza,Antioquia,"7,484708","-74,86805",1581,52,28,2637,12983,El territorio es en su mayor parte montañoso,"minería,  agricultura,  ganadería",carretera: con la vecina población de Segovia,07/10/1975-12/10/1975,0,,www.zaragoza-antioquia.gov.co/
A_41_,A41,Remedios,Antioquia,"7,033314","-74,533342",1560,680,25,4228,14437,El territorio es plano en su mayor parte.,"minería,  agricultura",carretera: con Medellín y varias poblaciones de Antioquia,28/12/1962-31/12/1962,0,,www.remedios-antioquia.gov.co/
A_42_,A42,Yarumal,Antioquia,"6,961642","-75,426829",1786,2265,16,1264,42089,El territorio es en su mayor parte montañoso,"agricultura,  ganadería,  pequeña industria",carretera: con Medellín y varias poblaciones de Antioquia,19/03/1959-21/03/1959,0,,www.yarumal.gov.co/
A_43_,A43,Amalfi,Antioquia,"6,903421","-75,074558",1836,1550,20,1801,18591,El territorio es en su mayor parte montañoso,"agricultura,  ganadería,  minería","carretera,  aérea: ambas con Medellín y otras localidades",03/07/1962-07/07/1962,0,,www.amalfi-antioquia.gov.co/
A_44_,A44,Yolombó,Antioquia,"6,599978","-75,016655",1535,1450,20,973,22436,con base en un pueblo de origen prehispánico. El territorio es en su mayor parte montañoso,"agricultura,  ganadería,  minería",carretera: con Medellín y varias poblaciones del departamento,11/09/1959-14/09/1959,28/08/1977,,www.yolombo-antioquia.gov.co/
A_05_,A5,Santa Fe de Antioquia,Antioquia,"6,549953","-75,816768",1541,550,25,435,25464,El territorio es en su mayor parte montañoso,"agricultura,  ganadería,  comercio",carretera: con Medellín,12/06/1961-13/06/1961,0,,www.santafedeantioquia-antioquia.gov.co/
A_50_,A50,San Pedro,Antioquia,"6,462778","-75,556433",1757,2450,15,184,10932,El territorio es en su mayor parte montañoso,"agricultura,  ganadería,  minería",carretera: con Medellín y varias poblaciones del departamento,28/03/1962-29/03/1962,30/08/1977,,www.sanpedrodelosmilagros-antioquia.gov.co/
A_51_,A51,Urrao,Antioquia,"6,316717","-76,133344",1781,1790,19,3991,31971,El territorio es plano en su mayor parte.,"agricultura,  ganadería,  minería","carretera,  aérea: ambas con varias localidades del país",13/04/1962-17/04/1962,22/08/1977,,www.urrao-antioquia.gov.co/
A_52_,A52,Heliconia,Antioquia,"6,207797","-75,733566",1814,1440,20,115,8853,El territorio es en su mayor parte montañoso,"agricultura,  ganadería,  explotación de carbón,  explotación de sal",carretera: con Medellín y varias poblaciones del departamento,02/08/1961-06/08/1961,0,,www.heliconia-antioquia.gov.co/
A_53_,A53,Concordia,Antioquia,"6,048974","-75,908993",1830,2000,18,250,16792,El territorio es en su mayor parte montañoso,"agricultura,  ganadería,  industrias",carretera: con varias poblaciones ,19/07/1962,21/08/1977,,www.concordia-antioquia.gov.co/
A_54_,A54,Montebello,Antioquia,"5,947165","-75,523324",1882,2350,16,44,9988,El territorio es en su mayor parte montañoso,"agricultura,  ganadería",carretera: con Medellín y poblaciones de Antioquia,08/06/1961-09/06/1961,0,,www.montebello-antioquia.gov.co/
A_55_,A55,Betania,Antioquia,"5,749971","-75,983355",1889,1550,20,211,16064,El territorio es en su mayor parte montañoso,"agricultura,  ganadería,  explotación forestal",carretera: con Medellín y poblaciones de Antioquia,23/07/1959,19/08/1977-20/08/1977,,www.betania-antioquia.gov.co/
A_56_,A56,Jardín,Antioquia,"5,599831","-75,819848",1878,1805,18,241,15366,El territorio es en su mayor parte montañoso,"agricultura,  ganadería",carretera: con Medellín y poblaciones de Antioquia,27/07/1959,18/08/1977,,www.eljardin-antioquia.gov.co/
A_06_,A6,Santo Domingo,Antioquia,"6,470688","-75,164809",1778,1950,18,271,14638,El territorio es en su mayor parte montañoso,"agricultura,  minería","carretera,  férrea: ambas con Medellín y poblaciones de Antioquia",03/06/1961-04/06/1961,27/08/1977,,www.santodomingo-antioquia.gov.co/
A_60_,A60,Puerto Berrío,Antioquia,"6,488278","-74,40834",1875,123,28,1213,32016,El territorio es plano en su mayor parte.,"agricultura,  pesca,  ganadería,  comercio,  industria,  minería","carretera,  férrea,  aérea: con el resto del país",01/08/1962-05/08/1962,0,,www.puertoberrio-antioquia.gov.co/
A_60a,A60a,Puerto Olaya,Santander,"6,488278","-74,40834",0,0,0,0,0,"Localidad en el municipio de Cimitarra (Santander),  al noroeste de esta cabecera municipal,  de la cual dista 100 kms por carretera",0,carretera: con Cimitarra,02/06/1966-04/06/1966,0,,www.olaya-antioquia.gov.co/
A_61_,A61,Rionegro,Antioquia,"6,154977","-75,388902",1545,2120,17,196,33966,El territorio es en su mayor parte montañoso,"agricultura,  fabricación de calzado,  empaques de fique,  actividad textil",carretera: con poblaciones vecinas y Medellín,01/05/1959,24/08/1977,,www.rionegro.gov.co/
A_62_,A62,Cocorná,Antioquia,"6,054932","-75,18661",1825,1286,21,731,23215,El territorio es en su mayor parte montañoso,"agricultura,  minería,  explotación forestal",carretera: con poblaciones vecinas,05/06/1961-06/06/1961,25/08/1977,,www.cocorna-antioquia.gov.co/
A_63_,A63,Sonsón,Antioquia,"5,71841","-75,314809",1785,2475,15,1108,43213,El territorio es en su mayor parte montañoso,"agricultura,  ganadería,  comercio",carretera: con poblaciones vecinas,27/02/1960;07/03/1960,0,,www.sonson-antioquia.gov.co/
R_01_,R1,Mistrató,Risaralda,"5,299991","-75,883341",1590,1518,20,482,9512,El territorio es en su mayor parte montañoso,"agricultura,  ganadería,  minería",carretera: con poblaciones vecinas,22/05/1973-24/05/1973,0,,www.mistrato-risaralda.gov.co/
R_03_,R3,Santuario,Risaralda,"5,07244","-75,962337",1886,1575,20,160,16939,El territorio es en su mayor parte montañoso,"agricultura,  minería,  explotación forestal",carretera: con poblaciones vecinas,25/05/1973-27/05/1973,0,,www.santuario-risaralda.gov.co/
R_06_,R6,Pereira,Risaralda,"4,814191","-75,694599",1863,1411,21,604,216226,Ciudad capital del departamento de Risaralda. El territorio es en su mayor parte montañoso,"industria,  ganadería,  agricultura","carretera,  férrea,  aérea: con el resto del país",22/05/1973-24/05/1973,0,,www.pereira.gov.co/es/inicio.html
C_01_,C1,Pácora,Caldas,"5,525937","-75,459241",1828,1819,18,270,24599,El territorio es en su mayor parte montañoso,"agricultura,  ganadería,  minería","carretera,  férrea: con varias poblaciones",09/02/1973-11/02/1973,0,,www.pacora-caldas.gov.co/
C_02_,C2,Samaná,Caldas,"5,57509","-74,890194",1884,1460,20,703,34095,El territorio es en su mayor parte montañoso,"agricultura,  ganadería,  minería,  explotación forestal",carretera: con la Dorada (sobre el río Magdalena) y otras poblaciones,06/02/1973-08/02/1973,0,,www.samana-caldas.gov.co/
C_03_,C3,Aranzazu,Caldas,"5,269811","-75,491277",1853,1910,18,172,19832,El territorio es en su mayor parte montañoso,"agricultura,  ganadería,  minería",carretera: con Manizales y varias poblaciones,16/03/1973-18/03/1973,0,,www.aranzazu-caldas.gov.co/
C_04_,C4,Manzanares,Caldas,"5,251937","-75,156956",1864,1871,18,218,19773,El territorio es en su mayor parte montañoso,"agricultura,  ganadería,  minería,  comercio,  pequeña industria",carretera: con Manizales y varias poblaciones,12/02/1973-15/02/1973,0,,www.manzanares-caldas.gov.co/
C_05_,C5,Manizales,Caldas,"5,057746","-75,49942",1849,2126,17,508,256331,Ciudad capital del departamento de Caldas. El territorio es en su mayor parte montañoso,La economía urbana consiste principalmente en industria y comercio. El movimiento comercial es intenso y varias de las organizaciones económicas más notables de Colombia tienen allá sucursales y agencias.,"carretera,  férrea,  aérea: con el resto del país",19/03/1973-21/03/1973,0,,www.manizales.gov.co/
Q_01_,Q1,Calarcá,Quindío,"4,533324","-75,649999",1886,1536,20,242,55934,El territorio es en su mayor parte montañoso,"agricultura,  ganadería,  comercio","carretera: con Armenia,  Ibagué,  Caicedonia y otras localidades",27/05/1974-30/05/1973,0,,www.calarca-quindio.gov.co/
T_02_,T2,Mariquita,Tolima,"5,192885","-74,890537",1549,495,26,288,19239,El territorio es en su mayor parte montañoso,"agricultura,  ganadería,  comercio","carretera,  férrea,  aérea: con Armero,  Honda,  Manizales y la Dorada",08/07/1971-10/07/1971,0,,www.sansebastiandemariquita-tolima.gov.co/
T_20_,T20,Herveo,Tolima,"5,081358","-75,174969",1871,2250,16,341,12410,El territorio es en su mayor parte montañoso,"agricultura,  ganadería,  exploración aurífera",carretera: con varias localidades del Tolima y de Caldas,05/07/1971-07/07/1971,0,,www.herveo-tolima.gov.co/
T_21_,T21,El Líbano,Tolima,"4,920312","-75,07135",1860,1585,20,700,56245,El territorio es en su mayor parte montañoso,"ganadería,  comercio,  explotación aurífera,  explotación de maderas",carretera con todas las poblaciones vecinas y Bogotá,17/03/1972-18/03/1972,0,,www.libano-tolima.gov.co/
T_22_,T22,Ambalema,Tolima,"4,783207","-74,766684",1776,241,27,240,8612,El territorio es en su mayor parte plano y está comprendido dentro del valle del río Magdalena (a orillas de éste se halla situada la localidad),"agricultura,  ganadería,  comercio","carretera,  férrea;   con todo el Tolima",09/11/1971-13/11/1971,0,,www.ambalema-tolima.gov.co/
T_22a,T22a,Pulí,Cundinamarca,,,1800,1270,21,184,5824,Localidad en el departamento de Cundinamarca. El territorio es en su mayor parte montañoso,"agricultura,  ganadería",carretera: con Jerusalén y San Juan de Rioseco,15/12/1969-16/12/1969,0,,www.puli-cundinamarca.gov.co/
T_23_,T23,Santa Isabel,Tolima,"4,717922","-75,100822",1893,2250,16,314,8495,El territorio es en su mayor parte montañoso,"agricultura,  ganadería,  minería,  explotación forestal",carretera: con Ibagué y otras poblaciones del Tolima,14/03/1972-15/03/1972,0,,www.santaisabel-tolima.gov.co/
T_03_,T3,San Antonio,Tolima,"3,916662","-75,500021",1825,1448,20,387,13421,"El territorio es en gran parte montañoso,  pero también tiene extensas zonas planas","agricultura,  ganadería",carretera: con Roncesvalles y Rovira,09/12/1972-11/12/1972,0,,www.sanantonio-tolima.gov.co/
T_04_,T4,Ibagué,Tolima,"4,433311","-75,233334",1550,1285,21,1498,pasa de 200000,"El territorio es en gran parte montañoso,  pero también cuenta con extensas zonas planas","agricultura,  ganadería,  comercio,  industrias,  explotación mineral","carretera,  férrea,  aérea: con el resto de Colombia",19/06/1972-23/06/1972,0,,www.alcaldiadeibague.gov.co/
T_40_,T40,Coello,Tolima,"4,283184","-74,899979",1627,339,26,340,11614,"El territorio es en su mayor parte ondulado,  pero  con extensas zonas planas","agricultura,  ganadería","carretera: con Ibagué,  Espinal y Guamo,  fluvial: río Magdalena con embarcaciones pequeñas",07/12/1971-09/12/1971,0,,www.coello-tolima.gov.co/
T_41_,T41,San Luis,Tolima,"4,12843","-75,097808",1780,506,25,445,14003,El territorio es en su mayor parte plano,"agricultura,  ganadería",carretera: con Guamo y Espinal,13/07/1972-15/07/1972,0,,www.sanluis-tolima.gov.co/
T_42_,T42,Cunday,Tolima,"4,060803","-74,694157",1794,475,26,526,18662,El territorio es en su mayor parte plano,"agricultura,  ganadería,  minería,  explotación forestal","carretera: con Carmen de Apicalá,  Melgar y Villarrica",11/07/1972-12/07/1972,0,,www.cunday-tolima.gov.co/
T_43_,T43,Ortega,Tolima,"3,939305","-75,222616",1821,402,26,875,22195,"El territorio es en gran parte montañoso,  pero también tiene extensas zonas planas","agricultura,  ganadería,  minería,  explotación de petróleo","carretera: con el Guamo,  Ibagué,  Coyaima,  Chaparral,  Natagaima,  etc.",26/06/1972-19/06/1972,0,,www.ortega-tolima.gov.co/
T_44_,T44,Purificación,Tolima,"3,858496","-74,929676",1664,329,26,561,30645,"El territorio es plano en su mayor parte,  y la localidad está a orillas del río Magdalena","agricultura,  ganadería,  comercio,  pequeña industria",carretera: con Ibagué y todas las poblaciones vecinas,07/10/1971-09/10/1971,0,,www.purificacion-tolima.gov.co/
T_05_,T5,Chaparral,Tolima,"3,727371","-75,484722",1773,854,24,2124,40238,"El territorio es en gran parte montañoso,  pero también tiene extensas zonas planas","agricultura,  ganadería,  minería,  comercio,  explotación forestal","carretera: con las poblaciones del sur del Tolima,  con Ibagué,  Girardot,  etc.",17/02/1972-19/02/1972,0,,www.chaparral-tolima.gov.co/
T_50_,T50,Planadas,Tolima,"3,197035","-75,645568",No se conoce,1450,20,1450,0,El territorio es en su mayor parte montañoso,"agricultura,  ganadería,  minería,  explotación forestal","carretera,  a veces aéreo: con las localidades de Huila y Tolima",12/12/1972-14/12/1972,0,,www.planadas-tolima.gov.co/
T_06_,T6,Natagaima,Tolima,"3,627949","-75,097336",1608,326,26,862,19738,El territorio es en su mayor parte montañoso.,"agricultura,  ganadería,  comercio","carretera,  férrea: con Neiva,  Espinal,  Girardot etc.",09/12/1971-13/12/1971,0,,www.natagaima-tolima.gov.co/
T_60_,T60,Alpujarra,Tolima,"3,394376","-74,935416",1768,1361,21,473,7491,El territorio es en su mayor parte plano,"agricultura,  ganadería",carretera: con otras poblaciones del sur del Tolima,14/02/1972-16/02/1972,0,,www.alpujarra-tolima.gov.co/
H_02_,H2,Baraya,Huila,"3,16794","-75,220642",1843,730,24,546,8425,El territorio es en su mayor parte montañoso,"agricultura,  ganadería,  minería",carretera: con las localidades vecinas,22/07/1961-24/07/1961,21/02/1978,,www.baraya-huila.gov.co/
H_03_,H3,Santa María,Huila,"2,999784","-75,700006",No se conoce,2200,17,350,0,El territorio es en su mayor parte montañoso.,"agricultura,  ganadería,  explotación forestal",carretera: con Neiva y Palermo,14/12/1972-16/12/1972,0,,www.santamaria-huila.gov.co/
H_30_,H30,Nátaga,Huila,"2,545083","-75,808378",No se conoce,1480,20,200,0,El territorio es en su mayor parte montañoso.,"agricultura,  minería","carretera: con la Plata,  Paicol,  Tesalia,  etc.",20/02/1962-21/02/1962,18/02/1978,,www.nataga-huila.gov.co/
H_31_,H31,Gigante,Huila,"2,385061","-75,548",1782,808,24,626,17869,El territorio es en su mayor parte montañoso.,"agricultura,  minería",carretera: con Neiva y varias poblaciones del Huila,26/02/1962-27/02/1962,20/02/1978,,www.gigante-huila.gov.co/
H_04_,H4,Neiva,Huila,"2,92873","-75,284143",1551,442,26,1553,106954,"Ciudad capital del departamento del Huila. El territorio es plano en su mayor parte,  pero tiene también extensas zonas montañosas.","ganadería,  agricultura,  comercio","carretera,  férrea,  aérea: con el resto de Colombia",14/07/1961-16/07/1961,22/02/1978,,www.alcaldianeiva.gov.co/
H_05_,H5,Timaná,Huila,"1,973587","-75,931835",1538,1100,23,196,9330,"El territorio es montañoso en su mayor parte,  pero también cuenta con extensas zonas planas.","agricultura,  ganadería,  confección de sombreros de caña o palma denominados ""suazas""",carretera: con varias poblaciones del Huila,24/02/1962-25/02/1962,27/02/1978,,www.timana-huila.gov.co/
H_50_,H50,San Agustín,Huila,"1,87558","-76,272583",1790,1695,19,1310,17449,"EL territorio es en su mayor parte montañoso,  pero cuenta con extensas zonas planas. Es área de gran valor arqueológico,  visitada continuamente por Colombianos y extranjeros.","agricultura,  ganadería,  minería,  explotación forestal",carretera: con Neiva y muchas localidades del país,17/07/1961-20/07/1961,16/02/1978,,www.sanagustin-huila.gov.co/
Cq02_,Cq2,San Vicente del Caguán,Caquetá,"2,116618","-74,766662",1903,480,26,0,15613,Es municipio en la intendencia nacional del Caquetá (recientemente elevada a la categoría de departamento),"agricultura,  ganadería",carretera: con Algeciras,05/04/1975-07/04/1975,0,,www.sanvicentedelcaguan-caqueta.gov.co/
Cq03_,Cq3,Florencia,Caquetá,"1,616562","-75,600003",1908,450,26,0,36798,Ciudad capital del Caquetá. La ciudad es centro de atracción como puerta de entrada a las extensas zonas selváticas que se prolongan hasta el río Amazonas.,"agricultura,  comercio","carretera,  aérea: con algunas ciudades del país",09/04/1975-11/04/1975,0,,www.florencia-caqueta.gov.co/
Su01_,Su1,San Onofre,Sucre,"9,741246","-75,522423",1774,55,28,1104,30390,El territorio es plano en su mayor parte,"agricultura,  ganadería,  comercio,  pesca",carretera: con varias poblaciones de los departamentos de Sucre y Bolívar,21/07/1959-22/07/1959,11/12/1977,,www.sanonofre-sucre.gov.co/
Su10_,Su10,Tolú,Sucre,"9,522544","-75,577011",1535,3,28,297,13625,Es puerto sobre el mar Caribe,"agricultura,  ganadería,  turismo,  comercio,  pesca","carretera,  aéreo: con diversas poblaciones de Colombia",13/05/1959-14/05/1959,10/12/1977,,www.santiagodetolu-sucre.gov.co/
Su02_,Su2,San Pedro ,Sucre,"9,392606","-75,06413",1820,120,28,254,12245,El territorio es plano en su mayor parte,"agricultura,  ganadería",carretera: con las principales poblaciones del departamento de Bolívar,15/12/1959,08/12/1977,primera encuesta con cuestionario reducido,www.sanpedro-sucre.gov.co/
Su03_,Su3,Corozal,Sucre,"9,326062","-75,285788",1775,125,27,886,45858,El territorio es plano en su mayor parte,"ganadería,  agricultura,  comercio","carretera,  aéreo: con varias poblaciones de Colombia",10/05/1959-12/05/1959,07/12/1977,,www.corozal-sucre.gov.co/
Su04_,Su4,San Benito Abad,Sucre,"8,93934","-75,033188",1534,25,28,1136,12754,El territorio es plano y cenagoso en su mayor parte,"agricultura,  ganadería","carretera,  fluvial: con algunas poblaciones del departamento",10/12/1959-11/12/1959;24/07/1959-26/07/1959,09/12/1977,,www.sanbenitoabad-sucre.gov.co/
Su06_,Su6,Majagual,Sucre,"8,541305","-74,627863",1750,25,28,1363,22686,El territorio en su mayor parte es plano y cenagoso,"agricultura,  ganadería,  pesca","carretera: caminos carreteables con Achí,  Ayapel y San Marcos;   fluvial: utiliza el caño de la Mojana como vía navegable hasta el río Cauca",12/12/1959-13/12/1959,05/12/1977,,www.majagual-sucre.gov.co/
At02_,At2,Puerto Colombia,Atlántico,"10,988632","-74,953022",1885,5,28,84,11069,Es puerto (venido a menos) sobre el Mar Caribe. El terreno es en su mayor parte ondulado,"pesca,  agricultura,  ganadería",carretera: con Barranquilla,18/05/1974/19/05/1974,0,,www.puertocolombia-atlantico.gov.co/
At03_,At3,Luruaco,Atlántico,"10,608159","-75,139961",0,31,28,203,11854,"Fue un poblado indígena llamado El Uruaco,  descubierto por colonizadores españoles en 1553. El territorio es quebrado en su mayor parte","agricultura,  ganadería",carretera: punto intermedio en la carretera que une a Barranquilla con Cartagena y Sabanalarga,14/05/1974-15/05/1974,0,,www.luruaco-atlantico.gov.co/
At06_,At6,Manatí,Atlántico,"10,44502","-74,95976",1760,10,28,139,8618,El territorio es plano en su mayor parte,"agricultura,  ganadería",carretera: con Barranquilla y Sabanalarga,11/05/1974-12/15/1974,0,,www.manati-atlantico.gov.co/
B_01_,B1,Villanueva,Bolívar,"10,448607","-75,272484",1770,100,27,155,9176,El territorio es en su mayor parte montañoso,"agricultura,  ganadería,  minería",carretera: con Cartagena y poblaciones vecinas,17/07/1959-20/07/1959,27/01/1978,,www.villanueva-bolivar.gov.co/
B_10_,B10,La Boquilla,Bolívar,"10,475553","-75,494227",0,0,0,0,0,"Corregimiento del municipio de Cartagena,  al norte de esta ciudad,  de la cual dista 10 kms. Por vía carreteable. El pueblo está a orillas del mar",0,carretera: con Cartagena,10/07/1958-17/07/1958;05/05/1959;18/07/1960-19/07/1960,22/01/1978,,0
B_11_,B11,Turbaco,Bolívar,"10,330963","-75,412302",1564,180,27,170,17730,Fundada en el sitio de un pueblo prehispánico. El territorio es en su mayor parte ondulado.,"agricultura,  ganadería,  comercio",carretera: con Cartagena y poblaciones vecinas,08/07/1958-18/07/1958;12/07/1960-13/07/1960,21/01/1978,,www.turbaco-bolivar.gov.co/
B_12_,B12,Mahates,Bolívar,"10,232808","-75,190172",1533,10,28,437,14076,El territorio es en su mayor parte llano,"agricultura,  ganadería,  pesca",carretera: con Cartagena y poblaciones vecinas;   fluvial: utiliza el canal del Dique como vía navegable entre el río Magdalena y el Mar Caribe,16/12/1959-17/12/1959,24/01/1978,,www.mahates-bolivar.gov.co/
B_13_,B13,San Basilio de Palenque,Bolívar,"10,100022","-75,206909",0,0,0,0,0,"Corregimiento del municipio de Mahates,  al sur de esta población de la cual dista a 20 kms. por carretera. Los habitantes son de raza negra.",0,"carretera: 20 kms de Mahates,  Bolívar",16/07/1960-17/07/1960,0,,0
B_14_,B14,María La Baja,Bolívar,"9,982762","-75,303308",1535,14,28,504,20360,El territorio es en su mayor parte llano,"agricultura,  ganadería",carretera: con Cartagena y poblaciones vecinas;   además utiliza el canal del Dique como vía navegable.,07/1958;07/1959,23/01/1978,,www.marialabaja-bolivar.gov.co/
B_15_,B15,San Juan Nepomuceno,Bolívar,"9,949983","-75,083367",1776,166,27,659,18189,El territorio es en su mayor parte montañoso,"agricultura,  ganadería",carretera: con las poblaciones vecinas,06/05/1959-07/05/1959,26/01/1978,,www.sanjuannepomuceno-bolivar.gov.co/
B_16_,B16,El Carmen ,Bolívar,"9,721916","-75,12095",1771,154,27,917,43885,El territorio es ondulado en su mayor parte,"agricultura,  ganadería",carretera: con gran parte de la costa caribe,08/05/1959-10/05/1959,12/12/1977,,www.elcarmen-bolivar.gov.co/
B_04_,B4,Mompós,Bolívar,"9,245528","-74,424037",1537,33,28,1090,43415,El terreno es en su mayor parte bajo y cenagoso,"agricultura,  comercio,  ganadería,  orfebrería,  pesca",fluvial: utiliza el río Magdalena (brazos de Loba y Mompós) como vía navegable;   carretera;   a Magangué y otras localidades.,17/05/1959-19/05/1959,02/12/1977,,www.santacruzdemompos-bolivar.gov.co/
B_40_,B40,San Martín de Loba,Bolívar,"8,937581","-74,03517",1650,30,28,938,13897,El terreno es en su mayor parte llano y cenagoso.,"agricultura,  ganadería,  pesca,  alfarería,  minería","fluvial: el principal medio de comunicación es el río Magdalena (junto con sus brazos de Loba,  Mompós y papayal)",25/09/1959,03/12/977,,www.sanmartindeloba-bolivar.gov.co/
B_06_,B6,Simití,Bolívar,"7,969818","-73,950316",1529,50,28,6340,31627,El territorio es en su mayor parte montañoso,"pesca,  agricultura,  ganadería,  explotación de petróleo",fluvial: río Magdalena;   carretera con poblaciones vecinas por caminos carreteables y de herradura,28/09/1959-30/09/1959,04/10/1977,,www.simiti-bolivar.gov.co/
S_01_,S1,Bocas del Rosario,Santander,"7,737081","-73,795681",0,0,0,0,0,"Localidad del municipio de Puerto Wilches,  departamento de Santander,  al norte del mencionado puerto,  del cual dista 60 kms. por el río Magdalena,  en cuya ribera oriental está situada.",0,fluvial: río Magdalena con Puerto Wilches,29/05/1966-30/05/1966,0,,0
S_10_,S10,Puerto Wilches,Santander,"7,349762","-73,908849",1882,75,28,2249,25272,El territorio es en su mayor parte llano,"pesca,  comercio,  agricultura,  ganadería,  explotación forestal",carretera;   férrea;   fluvial: río Magdalena;   con varias poblaciones del país,16/12/1960-19/12/2960,0,,www.puertowilches-santander.gov.co/
S_11_,S11,Sabana de Torres,Santander,"7,399978","-73,499994",0,0,0,0,0,"Localidad en el municipio de Puerto Wilches,  al nordeste de esta población,  de la cual dista 50 kms. en tren.",0,férrea: con Puerto Wilches ,27/05/1966-28/05/1966,0,,www.sabanadetorres-santander.gov.co/
S_02_,S2,Suratá,Santander,"7,366574","-72,983294",1738,1750,19,261,6797,El territorio es en su mayor parte montañoso,"agricultura,  minería",carretera: con poblaciones vecinas,12/12/1960-14/12/960,0,,www.surata-santander.gov.co/
S_03_,S3,Barrancabermeja,Santander,"7,066668","-73,850173",1536,75,28,1121,81446,"El territorio es en su mayor parte llano,  cálido y selvático. La población era originalmente un caserío indígena conocido con el nombre de Tora,  y llamado por el conquistador español Jiménez de Quesada ""Barrancas Coloradas"".",explotación de petróleo,carretera;  férrea;  fluvial: río Magdalena;   aérea;   todas con el resto del país.,31/05/1966-01/06/1966,0,,www.barrancabermeja.gov.co/
S_04_,S4,Rionegro ,Santander,"7,267012","-73,151951",1805,590,25,1604,30964,"En el territorio hay,  al occidente,  una zona plana y baja,  que corresponde al valle del Magdalena,  y una montañosa al oriente.","agricultura,  ganadería,  minería",carretera: con Bucaramanga y algunas poblaciones.,05/11/1969-07/11/1959,07/10/1977,,www.rionegro-santander.gov.co/
S_40_,S40,Tona,Santander,"7,249069","-72,900124",1809,1850,18,354,6747,El territorio es en su mayor parte montañoso.,"agricultura,  ganadería",carretera: con Bucaramanga,10/12/1960-12/12/1960,0,,www.tona-santander.gov.co/
S_41_,S41,Girón,Santander,"7,071017","-73,173065",1631,77,24,864,18939,"En el territorio se distinguen dos regiones: una al occidente,  plana y baja,  de altas temperaturas,  y otra,  montañosa,  al oriente.","agricultura,  ganadería,  explotación de algunos minerales.",carretera: con Bucaramanga,01/04/1959-02/04/1959,06/10/1977,,www.giron-santander.gov.co/
S_41a,S41a,Piedecuesta,Santander,"6,883327","-73,416685",1736,1005,23,344,24812,El territorio es en su mayor parte montañoso,"agricultura,  comercio,  ganadería,  pequeña industria",carretera: con Bucaramanga y diversas poblaciones vecinas,08/12/1960-09/12/1060,0,,www.alcaldiadepiedecuesta.gov.co/
S_42_,S42,San Vicente de Chucurí,Santander,"6,883327","-73,416685",1881,692,24,2028,35108,"En el territorio hay una zona baja y,  en parte,  selvática y otra montañosa","agricultura,  ganadería,  minería,  comercio,  explotación forestal",carretera: con Barrancabermeja y otras poblaciones.,07/09/1960-08/09/1960,0,,www.sanvicentedechucuri-santander.gov.co/
S_42a,S42a,Zapatoca,Santander,"6,699991","-73,016649",1743,1720,19,360,16254,"El territorio es montañoso y,  en gran parte,  árido.","agricultura,  ganadería,  minería,  pequeña industria","carretera: con Barichara,  Betulia,  San Vicente de Chucurí",29/03/1959-31/03/1959,0,,www.zapatoca-santander.gov.co/
S_43_,S43,Guaca,Santander,"6,877315","-72,855996",1553,2320,16,218,9297,El territorio es en su mayor parte montañoso,"agricultura,  ganadería",carretera: con varias poblaciones,04/12/1960-06/12/1960,0,,www.guaca-santander.gov.co/
S_44_,S44,Aratoca,Santander,"6,699991","-73,016649",1750,1805,19,166,6031,El territorio es en su mayor parte montañoso,"agricultura,  elaboración de sacos de fique","carretera: con Bucaramanga,  San Gil y el resto de Santander",04/09/1960-05/09/1960,0,,www.aratoca-santander.gov.co/
S_44a,S44a,San Gil,Santander,"6,709341","-72,733612",1689,1114,22,142,29377,El territorio es en su mayor parte montañoso.,"agricultura,  ganadería,  comercio,  pequeña industria",carretera: con Bucaramanga y varias poblaciones,22/03/1959-25/03/1959,,,www.sangil.gov.co/
S_45_,S45,Málaga,Santander,"6,709341","-72,733612",1542,2200,17,58,16421,"El territorio es en su mayor parte quebrado,  pero hay extensas zonas planas y onduladas.","agricultura,  ganadería,  comercio (labores industriales en pequeña escala)",carretera: con varias poblaciones,10/11/1959-12/11/1959,09/10/1977,,www.malaga-santander.gov.co/
S_45a,S45a,Capitanejo,Santander,"6,103341","-73,450835",1804,1090,23,154,7249,El territorio es en su mayor parte montañoso.,"agricultura,  ganadería","carretera: con Covarachía,  Málaga y otras poblaciones vecinas.",11/09/1960-12/09/1960,0,,www.capitanejo-santander.gov.co/
S_05_,S5,Cimitarra,Santander,"6,31669","-73,950015",Es poblado de fundación reciente (en el siglo XX).,158,28,2784,0,"El territorio es en su mayor parte llano,  selvático y de clima cálido.","agricultura,  ganadería,  explotación forestal",carretera: con Puerto Berrío y Vélez,06/06/1966-07/06/1966,0,,www.cimitarra-santander.gov.co/
S_50_,S50,Suaita,Santander,"6,103341","-73,450835",1699,1610,19,391,13881,El territorio es en su mayor parte montañoso,"agricultura,  ganadería",carretera: con varias poblaciones,02/09/1960-03/09/1960,12/10/1977,,www.suaita-santander.gov.co/
S_50a,S50a,Chitaraque,Boyacá,"6,011001","-73,673394",Anterior a la conquista española,1575,20,161,6479,"Población en el departamento de Boyacá,  de origen indígena,  anterior a la Conquista española. El territorio es en su mayor parte montañoso","agricultura,  ganadería",carretera: con San José de Pore y otras localidades vecinas,15/09/1971-17/09/1971,0,,www.chitaraque-boyaca.gov.co/
S_51_,S51,Vélez,Santander,"6,011001","-73,673394",1539,2133,17,1689,36973,"En el territorio se distinguen dos regiones: una al occidente,  llana,  baja y cubierta de selva,  y otra montañosa al oriente.","ganadería,  agricultura,  comercio,  minería,  explotación forestal",carretera: con varias poblaciones y Bogotá,03/10/1959-05/10/1959,14/10/1977,,www.velez-santander.gov.co/
S_52_,S52,Jesús María,Santander,"5,883305","-73,7833",1755,1850,18,524,16055,El territorio es en su mayor parte quebrado.,"agricultura,  ganadería,  explotación forestal","carretera: con varias poblaciones de Santander (Albania,  Puente Nacional y Sucre)",09/06/1966-10/06/1966,0,,www.jesusmaria-santander.gov.co/
S_06_,S6,Simacota,Santander,"6,44538","-73,33845",1727,1080,23,1413,9935,"En el territorio hay una zona llana y baja,  y otra montañosa","agricultura,  ganadería",carretera: con El Socorro y Chimá,24/06/1960-25/06/1960,0,,www.simacota-santander.gov.co/
S_60_,S60,Onzaga,Santander,"6,349997","-72,816664",1777,1950,18,539,10982,El territorio es en su mayor parte montañoso,"agricultura,  ganadería",carretera: con poblaciones vecinas,09/09/1960-10/09/1960,0,,www.onzaga-santander.gov.co/
S_60a,S60a,Soatá,Boyacá,"6,249963","-73,083286",0,1950,18,136,18659,Localidad en el departamento de Boyacá. El territorio es en su mayor parte montañoso,"agricultura,  ganadería",carretera: con varias poblaciones,23/04/1973-25/04/1973,,,www.soata-boyaca.gov.co/
S_61_,S61,Charalá,Santander,"6,249963","-73,083286",1540,1291,21,349,13901,El territorio es en su mayor parte montañoso.,"agricultura,  ganadería",carretera: con San Gil y otras poblaciones.,13/11/1959-16/11/1959,11/10/1977,,www.charala-santander.gov.co/
Bo02_,Bo2,Güicán,Boyacá,"6,468492","-72,416039",1756,2963,12,1901,12221,El territorio es totalmente montañoso,"agricultura,  ganadería",carretera: con Tunja y poblaciones vecinas.,26/04/1973-28/04/1973,0,,www.guican-boyaca.gov.co/
Bo03_,Bo3,Moniquirá,Boyacá,"5,875322","-73,574152",Año de la fundación española: 1778,1764,19,213,19961,Es pueblo de origen prehispánico. El territorio es en su mayor parte montañoso,"agricultura,  ganadería",carretera: con Tunja y poblaciones vecinas.,02/09/1971-06/09/1971,0,,www.moniquira-boyaca.gov.co/
Bo30_,Bo30,Saboyá,Boyacá,"5,699989","-73,766692",Año de la fundación española: 1556,2651,14,231,17722,Es pueblo de origen prehispánico. El territorio es en su mayor parte montañoso.,"agricultura,  ganadería",carretera y férrea con diversas localidades del país,06/10/1959-07/10/1959,04/09/1977,,www.saboya-boyaca.gov.co/
Bo31_,Bo31,Muzo,Boyacá,"5,547647","-74,10553",1558,815,24,244,11216,El territorio es en su mayor parte montañoso.,"agricultura,  ganadería",carretera: con poblaciones vecinas,05/07/1959-09/07/1959,0,,www.muzo-boyaca.gov.co/
Bo32_,B032,Ráquira,Boyacá,"5,533321","-73,633343",Año de la fundación española: 1580,2150,17,204,6196,Pueblo de origen prehispánico. El territorio es en su mayor parte montañoso,"agricultura,  ganadería",carretera: con Tunja y poblaciones vecinas.,04/08/1971-08/07/1971,0,,www.raquira-boyaca.gov.co/
Bo32a,Bo32a,Santa Sofía,Boyacá,,,1809,2416,15,98,4369,El territorio es en su mayor parte quebrado,"agricultura,  ganadería",carretera: con Chiquinquirá y Leiva,27/03/1972-29/03/1972,0,,www.santasofia-boyaca.gov.co/
Bo04_,Bo4,Jericó,Boyacá,"6,2","-72,583333",1888,3050,11,159,7182,Pueblo de origen prehispánico. El territorio es montañoso,"agricultura,  ganadería",carretera: con varias poblaciones de Boyacá,05/07/1972-08/07/1972,0,,www.jerico-boyaca.gov.co/
Bo40_,Bo40,Socha,Boyacá,"5,999984","-72,666664",Año de la fundación española: 1870,2680,14,151,10098,Pueblo de origen prehispánico. El territorio es en su mayor parte montañoso,"agricultura,  ganadería",carretera: con Socotá y Paz del Río,03/07/1972-05/07/1972,0,,www.socha-boyaca.gov.co/
Bo41_,Bo41,Duitama,Boyacá,"5,825389","-73,040156",Año de la fundación española: 1556,2530,15,186,60852,Pueblo de origen prehispánico. El territorio es en su mayor parte montañoso,"agricultura,  ganadería,  comercio","carretera: con Tunja,  Sogamoso,  Bogotá y otras localidades",10/06/1971-13/06/1971,0,,www.duitama-boyaca.gov.co/
Bo42_,Bo42,Sotaquirá,Boyacá,"5,766495","-73,250055",Año de la fundación española: 1582,2680,14,197,8355,Pueblo de origen prehispánico. El territorio es en su mayor parte montañoso,"agricultura,  ganadería",carretera y férrea con varias localidades del país,26/11/1971-29/11/1971,0,,www.sotaquira-boyaca.gov.co/
Bo43_,Bo43,Monguí,Boyacá,"5,72655","-72,848572",Año de la fundación española: 1747,2920,12,80,4726,Pueblo de origen prehispánico. El territorio es en su mayor parte quebrado,"agricultura,  ganadería",carretera: con Tunja y poblaciones vecinas.,18/05/1971-20/05/1971,0,,www.mongui-boyaca.gov.co/
Bo43a,Bo43a,Corrales,Boyacá,,,1782,2400,15,57,3228,El territorio es en su mayor parte ondulado,"agricultura,  ganadería",carretera: con Sogamoso y otras poblaciones,20/05/1971-22/05/1971,0,,www.corrales-boyaca.gov.co/
Bo44_,Bo44,Firavitoba,Boyacá,"5,649997","-73,000009",Año de la fundación española: 1655,2500,15,76,6166,Pueblo de origen prehispánico. El territorio es en su mayor parte ondulado,"agricultura,  ganadería","carretera: con Sogamoso,  Paipa y otras localidades.",29/09/1971;02/10/1971,0,,www.firavitoba-boyaca.gov.co/
Bo45_,Bo45,Labranzagrande,Boyacá,"5,56414","-72,578226",Año de la fundación española: 1586,1143,22,795,5764,Pueblo de origen prehispánico. El territorio es en su mayor parte montañoso,"agricultura,  ganadería",carretera: con municipios circunvecinos,21/01/1976-17/01/1976,0,,www.labranzagrande-boyaca.gov.co/
Bo46_,Bo46,Siachoque,Boyacá,"5,514329","-73,247352",Año de la fundación española: 1650,2760,13,125,6233,Pueblo de origen prehispánico. El territorio es totalmente montañoso,"agricultura,  ganadería",carretera: con Tunja y Toca,30/11/1971-01/12/1971,0,,www.siachoque-boyaca.gov.co/
Bo47_,Bo47,Aquitania,Boyacá,"5,51663","-72,883344",1777,3030,11,428,21468,Anteriormente se llamó Puebloviejo. El territorio es en su mayor parte montañoso,"agricultura,  ganadería",carretera: con Sogamoso y Pajarito,07/06/1971-09/06/1971,0,,www.aquitania-boyaca.gov.co/
Bo05_,Bo5,Turmequé,Boyacá,"5,321207","-73,491647",0,2400,16,106,11422,Pueblo de origen prehispánico. El territorio es en su mayor parte montañoso,"agricultura,  ganadería",carretera: con varias poblaciones,26/04/1971-28/04/1971,0,,www.turmeque-boyaca.gov.co/
Bo05a,Bo5a,Tibaná,Boyacá,,,0,2115,16,127,12254,El territorio es en su mayor parte montañoso,"agricultura,  ganadería","carretera: con Jenezano,  Turmequé,  Garagoa,  etc.",04/04/1971-07/04/1971,0,,www.tibana-boyaca.gov.co/
Bo50_,Bo50,Tenza,Boyacá,"5,075919","-73,42103",Año de la fundación española: 1777,1543,20,55,6550,Pueblo de origen prehispánico. El territorio es en su mayor parte quebrado,"agricultura,  ganadería",carretera: con Garagoa y Guateque,05/05/1971-08/05/1971,0,,www.tenza-boyaca.gov.co/
Bo50a,Bo50a,Pachavita,Boyacá,,,1796,1980,18,68,5838,El territorio es en su mayor parte montañoso,"agricultura,  ganadería",carretera: con Chinavita y Tibaná,01/04/1971-04/04/1971,0,,www.pachavita-boyaca.gov.co/
Bo50b,Bo50b,Somondoco,Boyacá,,,0,1690,19,71,6320,El territorio es en su mayor parte quebrado,"agricultura,  ganadería,  minas de esmeraldas,  yeso,  hierro,  carbón y pirita.",carretera: con Guateque y otras poblaciones vecinas,14/04/1971-17/04/1971,0,,www.somondoco-boyaca.gov.co/
Bo06_,Bo6,Miraflores,Boyacá,"5,196363","-73,144419",1744,1720,19,220,11737,El territorio es en su mayor parte montañoso,"agricultura,  ganadería",carretera: con Tunja y poblaciones vecinas.,28/04/1971;01/05/1971,0,,www.miraflores-boyaca.gov.co/
Bo60_,Bo60,San Luis de Gaceno,Boyacá,"4,820049","-73,168945",0,400,26,926,10720,El territorio es en su mayor parte montañoso,"agricultura,  ganadería",carretera: con Tunja y Garagoa,18/09/1973-22/09/1973,0,,www.sanluisdegaceno-boyaca.gov.co/
Cu01_,Cu1,Caparrapí,Cundinamarca,"5,348389","-74,491382",1675,1271,21,523,14951,El territorio es en su mayor parte montañoso,"agricultura,  ganadería,  explotación minera","carretera,  férrea: con algunas ciudades del país",19/06/1970-20/06/1970,0,,www.caparrapi-cundinamarca.gov.co/
Cu10_,Cu10,Paime,Cundinamarca,"5,367109","-74,14999",1696,960,23,236,10415,El territorio es en su mayor parte montañoso,"agricultura,  ganadería,  explotación minera",carretera: con Pacho y Villagómez,28/08/1970-30/08/1970,0,,www.paime-cundinamarca.gov.co/
Cu02_,Cu2,Simijaca,Cundinamarca,"5,500488","-73,866663",0,2559,14,107,6439,"Población prehispánica. En el territorio hay dos regiones diferentes: una plana o ligeramente ondulada,  al oriente,  y una montañosa,  al occidente","agricultura,  ganadería",carretera y férrea: con diversas ciudades del país,18/02/1970-20/02/1970,0,,www.simijaca-cundinamarca.gov.co/
Cu20_,Cu20,Ubaté,Cundinamarca,"5,312004","-73,818222",1592,2559,14,101,15418,"En el territorio hay dos regiones diferentes: una plana o ligeramente ondulada,  al occidente,  que hace parte del Valle de Ubaté,  y una montañosa,  al oriente","agricultura,  ganadería,  comercio,  industria de productos lácteos",,14/03/1969-15/03/1969,0,,www.ubate-cundinamarca.gov.co/
Cu21_,Cu21,Villapinzón,Cundinamarca,"5,216643","-73,599976",1773,2715,13,249,12249,El territorio es en su mayor parte montañoso,"agricultura,  ganadería,  explotación minera",carretera: con Tunja y localidades vecinas,28/10/1963-19/10/1963,0,,www.villapinzon-cundinamarca.gov.co/
Cu03_,Cu3,Pacho,Cundinamarca,"5,132294","-74,156288",1635,1799,19,406,32669,El territorio es en su mayor parte montañoso,"agricultura,  ganadería,  comercio,  explotación minera","carretera: con Zipaquirá,  Bogotá y diversas poblaciones vecinas",01/1956;12/1956;27/08/1970,22/09/1977,,www.pacho-cundinamarca.gov.co/
Cu30_,Cu30,Guaduas,Cundinamarca,"5,069336","-74,598069",1551,992,28,783,18332,"En el territorio hay dos zona definidas: una al occidente,  plana o ligeramente ondulada,  y otra montañosa,  al oriente","agricultura,  ganadería,  explotación minera",carretera: con ciudades y poblaciones de Cundinamarca y el Tolima,23/08/1969-25/08/1969,0,,www.guaduas-cundinamarca.gov.co/
Cu30a,Cu30a,Útica,Cundinamarca,,,1867,497,26,95,5291,El territorio es en su mayor parte montañoso pero hay también zonas planas,"agricultura,  ganadería,  explotación minera",carretera y férrea: con algunas poblaciones del país,27/07/1964-29/07/1964,0,,www.utica-cundinamarca.gov.co/
Cu30b,Cu30b,Chaguaní,Cundinamarca,,,1770,1200,22,142,6767,El territorio es en su mayor parte montañoso,"elaboración de panela,  agricultura,  ganadería","carretera: con Guaduas,  San Juan de Rioseco y Vianí",24/07/1964-26/07/1964,0,,www.chaguani-cundinamarca.gov.co/
Cu30c,Cu30c,Sasaima,Cundinamarca,,,0,1191,22,103,6372,El territorio es en su mayor parte montañoso,"agricultura,  ganadería,  comercio,  explotación minera",carretera y férrea: con algunas poblaciones del país,08/08/1969-10/08/1969,0,,www.sasaima-cundinamarca.gov.co/
Cu31_,Cu31,Tenjo,Cundinamarca,"4,915833","-74,166641",1630,2587,14,108,6499,El territorio es llano en su mayor parte,"agricultura,  ganadería",carretera: con Bogotá y varias poblaciones,08/05/1968-10/05/1968,0,,www.tenjo-cundinamarca.gov.co/
Cu32_,Cu32,Facatativá,Cundinamarca,"4,814789","-74,356241",1561 o 1564,2586,14,156,26327,El territorio es en su mayor parte plano,"agricultura,  ganadería,  comercio,  industria",carretera y férrea: con Bogotá y el resto del país,21/07/1964-23/07/1964,0,,www.facatativa-cundinamarca.gov.co/
Cu33_,Cu33,La Mesa,Cundinamarca,"4,630174","-74,462671",1777,1198,22,147,18304,El territorio es en su mayor parte montañoso,"agricultura,  ganadería,  comercio",carretera: Bogotá y todas las poblaciones vecinas,05/09/1969-07/09/1969,0,,www.lamesa-cundinamarca.gov.co/
Cu34_,Cu34,Bogotá,Cundinamarca,"4,603803","-74,086304",06/08/1538,2600,3 a 24,1542,4000000,"Ciudad capital de la República de Colombia y del departamento de Cundinamarca. Es sede del Gobierno Nacional. Fue fundada el 6 de agosto de 1538 por don Gonzalo Jiménez de Quesada en una altiplanicie de los Andes. El grado de progreso y desarrollo urbanístico hizo que los vecinos municipios de Bosa,  Engativá,  Fontibón,  Usme y Usaquén fueran anexados a Bogotá e integrados en un Distrito Especial,  el año de 1954. En 1978 es difícil reconocer ya límites entre el casco urbano antiguo y las mencionadas poblaciones vecinas.","centro intelectual,  artístico,  económico y comercial del país; en zonas rurales agricultura,  ganadería,  explotación de piedra y arena","centro de comunicaciones ferroviarias,  carreteables y aéreas de todo el país",26/12/1970-29/12/1970;09/01/1971-15/01/1971;18/01/1971-20/01/1971;25/01/1971-30/01/1971;01/02/1971-06/02/1971;09/02/1971,,,www.bogota.gov.co/
Cu34a,Cu34a,Bosa,Cundinamarca,,,1650,2590,14,176,25936,"Dista del centro de Bogotá 14 kms. El área municipal era de 176 kms2,  pero sus límites desaparecieron al crearse el Distrito Especial de Bogotá. El territorio es en su mayor parte plano","industria,  agricultura,  explotación de piedra y arena",carretera y férrea: con algunas poblaciones del país,23/03/1970-24/03/1970,0,,www.bosa.gov.co/
Cu34b,Cu34b,La Calera,Cundinamarca,,,1778,2718,13,356,11508,El territorio es en su mayor parte montañoso,"agricultura,  ganadería,  explotación de piedra y cal",carretera: con Bogotá y otras localidades,04/03/1970-06/03/1970,0,,www.lacalera-cundinamarca.gov.co/
Cu34c,Cu34c,Chipaque,Cundinamarca,,,1564,2400,16,126,9070,El territorio es en su mayor parte montañoso,"agricultura,  ganadería,  explotación de piedra y arena",carretera: con Bogotá y otras poblaciones,29/12/1962-01/12/1962,0,,www.chipaque-cundinamarca.gov.co/
Cu34d,Cu34d,Suba,Cundinamarca,,,1550,2583,14,98,27952,Municipio menor integrante del Distrito Especial de Bogotá. Dista del centro de Bogotá 17 kms. El territorio es en su mayor parte ondulado. Por su proximidad con la capital de la República casi todas sus actividades económicas están relacionadas con ella.,"en las zonas rurales: agricultura,  ganadería,  elaboración de ladrillo,  explotación de piedra y arena",carretera: con Bogotá y otras poblaciones vecinas,17/03/1970-18/03/1970,0,,www.suba.gov.co/
Cu04_,Cu4,Nemocón,Cundinamarca,"5,036767","-73,85955",Año de la fundación española: 1537,2585,14,98,6103,El territorio es llano en su mayor parte,"agricultura,  ganadería,  explotación minera",carretera y férrea: con Bogotá y muchas localidades del país,09/12/1968/11/12/1968,0,,www.nemocon-cundinamarca.gov.co/
Cu40_,Cu40,Manta,Cundinamarca,"5,01622","-73,550205",1773,1924,18,105,8237,El territorio es en su mayor parte montañoso,"agricultura,  ganadería,  elaboración manual de artículos de lana",carretera: con Chocontá y Chiquinquirá,31/07/1967-02/08/2967,0,,www.manta-cundinamarca.gov.co/
Cu41_,Cu41,Guasca,Cundinamarca,"4,866232","-73,884087",1639,2710,13,327,7436,"El territorio es en su mayor parte montañoso,  pero con extensas zonas planas","agricultura,  ganadería ,  explotación de carbón y cal",carretera: con Bogotá y poblaciones vecinas,07/09/1967-08/09/2967,0,,www.guasca-cundinamarca.gov.co/
Cu42_,Cu42,Gachetá,Cundinamarca,"4,916389","-73,666677",0,1745,19,268,16258,El territorio es en su mayor parte montañoso,"ganadería,  comercio,  explotación de minas de sal",carretera: con Bogotá y varias localidades,05/09/1967-06/09/2967,0,,www.gacheta-cundinamarca.gov.co/
Cu43_,Cu43,Gachalá,Cundinamarca,"4,692383","-73,519682",1819,1712,19,467,10010,El territorio es en su mayor parte montañoso,"agricultura,  ganadería,  explotación de yeso,  azufre y esmeraldas",carretera: con poblaciones vecinas,16/08/1978-18/08/1967,0,,www.gachala-cundinamarca.gov.co/
Cu44_,Cu44,Fómeque,Cundinamarca,"4,483301","-73,90003",1592 o 1594,1895,18,486,11720,El territorio es en su mayor parte montañoso,"agricultura,  ganadería,  explotación de canteras,  pequeña industria",carretera: con Bogotá y poblaciones vecinas,05/07/1970-05/07/1970,0,,www.fomeque-cundinamarca.gov.co/
Cu45_,Cu45,Medina,Cundinamarca,"4,516639","-73,350005",1560,576,25,1936,26209,"En el territorio se distinguen dos regiones divididas: una montañosa,  al occidente,  y otra plana y baja,  al oriente.","agricultura,  ganadería,  explotación forestal",caminos carreteables con poblaciones vecinas,17/09/1970-20/09/1970,0,,www.medina-cundinamarca.gov.co/
Cu05_,Cu5,Tocaima,Cundinamarca,"4,457277","-74,637036",1544,400,26,245,18604,El territorio es en su mayor parte plano,"agricultura,  ganadería,  explotación forestal",carretera y férrea: con algunas poblaciones del país,30/07/1964-01/08/1964,0,,www.tocaima-cundinamarca.gov.co/
Cu50_,Cu50,Pasca,Cundinamarca,"4,299954","-74,29999",1537,2180,17,208,12355,El territorio es en su mayor parte montañoso,"agricultura,  ganadería",carretera: con Fusagasugá,04/12/1969-06/12/1969,0,,www.pasca-cundinamarca.gov.co/
Cu51_,Cu51,Pandi,Cundinamarca,"4,190462","-74,484558",1655,1024,23,64,5199,El territorio es en su mayor parte montañoso,"agricultura,  ganadería,  explotación forestal",carretera: con varias poblaciones,07/12/1969-09/12/1969,0,,www.pandi-cundinamarca.gov.co/
Cu52_,Cu52,Gutiérrez,Cundinamarca,"4,249802","-73,999958",1883,2350,16,527,4888,El territorio es en su mayor parte montañoso,"agricultura,  ganadería",carretera: con Bogotá y varias localidades,27/11/1962-28/11/1962,0,,www.gutierrez-cundinamarca.gov.co/
Cu06_,Cu6,Quetame,Cundinamarca,"4,333376","-73,866663",1826,1496,20,421,7927,El territorio es en su mayor parte montañoso,"agricultura,  ganadería","carretera: con Cáqueza,  Bogotá,  Villavicencio y otras localidades",08/11/1962-12/11/1962,0,,www.quetame-cundinamarca.gov.co/
Me01_,Me1,Restrepo,Meta,"4,261914","-73,563852",0,550,25,355,10137,El territorio es en su mayor parte quebrado,"agricultura,  ganadería",carretera: con Villavicencio y Cumaral,07/06/1973-08/06/1973,0,,www.restrepo-meta.gov.co/
Me10_,Me10,San Martín ,Meta,"3,701494","-73,693542",0,419,26,28528,17242,Todo el territorio es plano y forma parte de los Llanos Orientales,"ganadería,  agricultura","carretera: con Villavicencio,  Acacías,  Castilla la Nueva y Granada",09/06/1973-10/06/1973,0,,www.sanmartin-meta.gov.co/
Me02_,Me2,Puerto López,Meta,"4,083731","-72,966728",0,181,27,15660,22178,Todo el territorio es plano ,"agricultura,  ganadería",carretera: con Villavicencio,05/06/1973-06/06/1973,0,,www.puertolopez-meta.gov.co/
M_01_ ,M1 ,Sitionuevo,Magdalena,"10,770579","-74,722137",1808,5,28,951,18682,El territorio es en su mayor parte plano y cenagoso,"agricultura,  ganadería,  pesca","río Magdalena y caños y ciénagas,  caminos carreteables con poblaciones vecinas",08/05/1974-10/05/1974,0,,www.sitionuevo-magdalena.gov.co/
M_02_,M2,Taganga,Magdalena,"11,267285","-74,190803",0,0,0,0,4000,"Es un poblado pequeño,  a la orilla del mar.",pesca,0,22/02/1974-23/02/1974,0,,0
M_20_ ,M20 ,Ciénaga,Magdalena,"11,006937","-74,249983",1538,3,28,1790,35626,"En el territorio hay una parte plana y baja ,  y montañosa al oriente,  formada por la Sierra Nevada de Santa Marta.","agricultura,  comercio,  ganadería,  pesca","Carretera y férrea : con Barranquilla,  Santa Marta,  diversas ciudades del país ",27/02/1974-02/28/1974,0,,www.cienaga-magdalena.gov.co/
M_21_,M21,Aracataca,Magdalena,"10,598668","-74,187584",1885,40,28,2044,26295,"En el territorio de distinguen dos zonas: una al occidente,  plana y baja,  y otra montañosa,  al oriente  formada por la Sierra Nevada de Santa Marta ","agricultura,  ganadería ",Carretera y Férrea : varias localidades del país ,02/12/1974-02/13/1974,0,,www.aracataca-magdalena.gov.co/
M_03_,M3,Pivijay,Magdalena,"10,465889","-74,613347",1774,3,28,2338,31951,El territorio es en su mayor parte llano.,"agricultura,  ganadería ","Carretera: Santa Marta,  algunas poblaciones ",02/15/1974-02/16/1974,0,,www.pivijay-magdalena.gov.co/
M_30_,M30,Pedraza,Magdalena,"10,186602","-74,916415",1971,12,28,426,11598,El territorio es en su mayor parte plano ,"agricultura,  ganadería ",Rio Magdalena; Caminos carreteables con poblaciones vecinas,03/19/1975-03/21/1975,0,,www.pedraza-magdalena.gov.co/
M_31_,M31,Plato,Magdalena,"9,797221","-74,785352",1620,20,28,2166,59281,El territorio es en su mayor parte plano.,"ganadería,  agricultura,  minería ",Carretera y vía fluvial y servicio aéreo con diversas poblaciones de Colombia ,05/06/1974-05/08/1974,0,,www.plato-magdalena.gov.co/
M_04_,M4,El Difícil,Magdalena,"9,85251","-74,239426",0,175,27,2315,0,El territorio es en su mayor parte ondulado.,"agricultura,  ganadería,  explotación de petróleo  ","carretera: ciudades,  pueblos del departamento ",06/27/1974-06/28/1974,0,,0
G_03_,G3,Riohacha,Guajira,"11,544007","-72,90699",1545,3,28,4994,47732,El territorio es en su mayor parte montañoso ,"pesca,  agricultura,  comercio",Carretera y Avión : diversas localidades del país ,03/21/1974-03/24/1974,0,,www.riohacha-laguajira.gov.co/
G_30_,G30,Palomino,Guajira,"11,217701","-73,39747",0,0,0,0,0,Esta casi a las orillas del mar caribe ,pesca,0,02/17/1974-02/19/1974,0,,0
G_31_,G31,Barbacoas ,Guajira,"11,236917","-72,903042",0,0,0,0,0,0,agricultura ,0,03/15/1974-03/16/1974,0,,0
G_04_,G4,Uribia,Guajira,"11,721117","-72,256565",1935,32,28,9348,73301,El territorio es plano en su mayor parte.,0,"Carretera: Riohacha,  Maicao,  poblaciones vecinas ",03/19/1974-03/20/1974,0,,www.uribia-laguajira.gov.co/
G_40_,G40,Carraipía,Guajira,"11,257289","-72,363682",0,0,0,0,0,El territorio es en su mayor parte  plano,0,0,03/17/1974-03/18/0974,0,,0
G_05_,G5,Fonseca,Guajira,"10,88875","-72,845621",1850,181,27,639,13056,El territorio es quebrado en su mayor parte ,"agricultura,  ganadería,  comercio",carreteras: poblaciones vecinas,03/12/1974-03/14/1974,0,,www.fonseca-guajira.gov.co/
Ce01_,Ce1,Caracolí,Cesar,"10,074412","-73,730965",1922,0,0,0,0,0,0,0,06/29/1974-06/30/1974,0,,0
Ce02_,Ce2,Valledupar,Cesar,"10,465615","-73,251858",1550,169,27,6887,110509,"El territorio es en su mayo parte  plano ,  pero con extensas zonas montañosas.","agricultura,  ganadería,  comercio","carretera y Férrea,  servicio aéreo con el resto de Colombia ",07/01/1974-07/04/1974,0,,www.valledupar-cesar.gov.co/
Ce20_,Ce20,Codazzi,Cesar,"10,03335","-73,233361",1859,132,28,2731,28225,El territorio es quebrado en su mayor parte ,"agricultura,  ganadería ","carretera: Valledupar,  varias poblaciones del departamento ",06/23/1974-06/24/0974,0,,www.agustincodazzi-cesar.gov.co/
Ce03_,Ce3,Chiriguaná,Cesar,"9,36357","-73,599279",1545,50,28,2600,34275,"En el territorio se distinguen dos regiones : una montañosa,  al oriente,  y otra plana y baja al occidente.","agricultura,  ganadería","carretera: Valledupar,  varias poblaciones ",06/21/1974-06/22/1974,0,,www.chiriguana-cesar.gov.co/
Ce30_,Ce30,Pailitas,Cesar,"8,955174","-73,620758",0,77,28,550,9663,El territorio es montañoso en su mayor parte.,"agricultura,  ganadería",carretera: varias localidades,06/18/1974-06/19/1974,0,,www.pailitas-cesar.gov.co/
Ce04_,Ce4,La Jagua de Ibirico,Cesar,"9,566706","-73,33344",0,0,0,0,0,0,agricultura,0,07/05/1974-07/07/1974,0,,www.lajaguadeibirico-cesar.gov.co/
Ce05_,Ce5,Gamarra,Cesar,"8,322702","-73,743367",1878,50,28,231,10038,"El territorio es en su mayor parte plano,  bajo y cenagoso.","agricultura,  ganadería,  pesca",carretera y férrea con varias poblaciones de Colombia ,09/26/1963-09/27/1963,0,,www.gamarra-cesar.gov.co/
Ce50_,Ce50,Loma de Corredor,Cesar,"8,134757","-73,771509",1822,0,0,0,0,0,"agricultura,  pesca",0,07/08/1974-07/09/1974,0,,0
NS01_,NS1,El Tarra,Norte de Santander,"8,567442","-73,100281",0,0,0,0,0,0,0,0,08/30/1966,0,,www.eltarra-nortedesantander.gov.co/
NS10_,NS10,El Carmen,Norte de Santander,"8,499537","-73,447723",1808,761,24,1640,2737,El territorio es en su mayor parte montañoso.,"agricultura,  explotación minera","Carretera: Ocaña ,  diversas poblaciones ",08/31/1966-09/01/1966,0,,www.elcarmen-nortedesantander.gov.co/
NS03_,NS3,San Calixto,Norte de Santander,"8,406829","-73,213406",1810,1650,19,972,13706,El territorio es en su mayor parte montañoso.,"agricultura,  ganadería","Carretera: Ocaña , poblaciones vecinas  ",09/29/1963-10/01/1963,0,,www.sancalixto-nortedesantander.gov.co/
NS30_,NS30,Ocaña,Norte de Santander,"8,21149","-73,344727",1572,1202,22,460,43481,El territorio es en su mayor parte montañoso.,"agricultura,  ganadería, comercio, minería.","Carretera,  servicio aéreo con diversas ciudades,  poblaciones de Colombia.",09/17/1963-09/19/1963,0,,www.ocana-nortedesantander.gov.co/
NS31_,NS31,Ábrego,Norte de Santander,"8,075546","-73,218384",1765,1398,21,702,16386,El territorio es en su mayor parte montañoso.,"agricultura,  ganadería.","Carretera: Cúcuta,  diversas localidades.",09/14/1963-09/15/1963,0,,www.abrego-nortedesantander.gov.co/
NS32_,NS32,Sardinata,Norte de Santander,"8,078265","-72,81189",1786,1400,27,1346,18873,El territorio es en su mayor parte montañoso.,"agricultura,  ganadería",Carretera: varias poblaciones.,09/23/1961-09/25/1961,0,,www.sardinata-nortedesantander.gov.co/
NS33_,NS33,Villacaro,Norte de Santander,"7,909632","-72,971191",1859,1600,20,438,6375,El territorio es en su mayor parte montañoso.,"agricultura,  ganadería ",Carretera: varias poblaciones.,09/23/1963-09/25/1963,0,,www.villacaro-nortedesantander.gov.co/
NS34_,NS34,Salazar de las Palmas,Norte de Santander,"7,774948","-72,81395",1553,815,24,545,13579,El territorio es en su mayor parte montañoso.,"agricultura,  ganadería ","Carretera: Cúcuta,  poblaciones vecina.",09/21/1961-/09/23/1961,0,,www.salazardelaspalmas-nortedesantander.gov.co/
NS34a,NS34a,Cucutilla,Norte de Santander,,,1804,1277,22,420,9913,El territorio es montañoso.,"agricultura,  ganadería ","Carretera: Pamplona,  otras poblaciones",09/24/1965-09/26/1965,0,,www.cucutilla-nortedesantander.gov.co/
NS04_,NS4,Puerto Villamizar,Norte de Santander,"8,358258","-72,412262",0,0,0,0,0,0,0,0,08/27/1966,0,,0
NS40_,NS40,Ricaurte,Norte de Santander,"8,025235","-72,36145",0,0,0,0,0,0,0,0,08/25/1966,0,,0
NS40a,NS40a,San Faustino,Norte de Santander,,,0,0,0,0,0,0,0,0,08/23/1966-08/24/1966,0,,0
NS41_,NS41,Cúcuta,Norte de Santander,"7,885147","-72,531738",1773,320,26,3703,199433,El territorio es plano en su mayor parte.,"agricultura,  ganadería,  explotación de petróleo , industrias,  comercio ","Carretera,  servicio aéreo con el resto de Colombia.",10/06/1965-10/07/1965,0,,www.cucuta-nortedesantander.gov.co/
Ns41a,Ns41a,Villa del Rosario,Norte de Santander,,,0,431,26,235,13823,,El territorio es en su mayor parte montañoso,"Carretera: Cúcuta ,  algunas poblaciones venezolanas.",10/04/1965-/10/05/1965,0,,www.villadelrosario-nortedesantander.gov.co/
NS05_,NS5,Cáchira,Norte de Santander,"7,749094","-73,056335",1811,1025,18,1318,16228,El territorio es montañoso en su mayor parte.,"agricultura,  explotación minera.","Carretera: Bucaramanga ,  diversas localidades.",05/24/1966-05/25/1966,0,,www.cachira-nortedesantander.gov.co/
NS06_,NS6,Bochalema,Norte de Santander,"7,606872","-72,647095",1756,1015,23,158,6851,El territorio es en su mayor parte montañoso.,"agricultura,  confección manual de objetos tejidos de paja y fique.","Carretera: Pamplona,  Cúcuta,  otras localidades.",09/15/1961-/09/17/1961,0,,www.bochalema-nortedesantander.gov.co/
NS60_,NS60,Herrán,Norte de Santander,"7,498643","-72,4823",1870,1955,18,67,1464,El territorio es en su mayor parte montañoso.,"agricultura,  explotación minera.","Carretera: Cúcuta ,  otras localidades ",10/01/1965-10/02/1965,0,,www.herran-nortedesantander.gov.co/
NS61_,NS61,Pamplona,Norte de Santander,"7,384258","-72,652588",1549,2287,16,316,33707,El territorio es en su mayor parte montañoso.,"agricultura,  ganadería,  comercio.","Carretera: Cúcuta, diversas localidades.",09/18/1961-09/20/1961,0,,www.pamplona-nortedesantander.gov.co/
NS62_,NS62,San Bernardo de Bata,Norte de Santander,"7,319563","-72,485046",0,0,0,0,0,0,0,0,09/29/1965-09/30/1965,0,,0
NS63_,NS63,Chitagá,Norte de Santander,"7,137686","-72,669067",1809,2300,16,735,11121,El territorio es en su mayor parte montañoso.,agricultura.,"Carretera: Pamplona ,  otras localidades",09/27/1965-09/1965,0,,www.chitaga-nortedesantander.gov.co/
Ar02_,Ar2,Arauca,Arauca,"7,057964","-70,756073",1785,125,28,15944,8241,El territorio es en su mayor parte plano.,"ganadería, comercio, pesca, agricultura.","Carretera ,  vía aérea con ciudades,  poblaciones de Colombia,  Venezuela.",04/23/1975-04/24/1975,0,,www.arauca-arauca.gov.co/
Ar03_,Ar3,Tame,Arauca,"6,457234","-71,740723",1661,345,26,7546,13307,"En el territorio de distinguen dos regiones tipográficamente diferentes: una plana,  al oriente,  y una zona montañosa,  al occidente.","ganadería, y agricultura","Caminos carreteables ,  servicio aéreo ,  vía fluvial con diversas poblaciones de la intendencia ,  vecino departamento de Boyacá.",04/18/1975-04/19/1975,0,,www.tame-arauca.gov.co/
Cs01_,Cs1,Pore,Casanare,"5,723945","-71,994781",1644,250,27,972,2824,El territorio es plano en toda su extensión.,"agricultura ,  ganadería","Carreteables,  servicio aéreo con diversas poblaciones de la intendencia ,  departamento de Boyacá.",05/14/1975-05715/1975,0,,www.pore-casanare.gov.co/
Cs03_,Cs3,Trinidad,Casanare,"5,409578","-71,662102",1724,187,27,2947,6170,El territorio es plano en toda su extensión.,"agricultura,  ganadería","Caminos carreteables ,  servicio aéreo con diversas localidades de Casanare,  Boyacá.",03/2/1976-03/04/1976,0,,www.trinidad-casanare.gov.co/
Cs30_,Cs30,Yopal,Casanare,"5,346343","-72,403679",1935,350,26,2037,7181,El territorio es en su mayor parte montañoso.,"agricultura,  ganadería","Carretera,  servicio aéreo con diversas poblaciones de Colombia.",05/17/1975-05/18/1975,0,,www.yopal-casanare.gov.co/
Cs31_,Cs31,Tauramena,Casanare,"5,012971","-72,751465",0,450,26,3290,7398,El territorio es plano en su mayor parte.,"agricultura,  ganadería","Carretera ,  servicio aéreo con algunas poblaciones de Colombia.",05/10/1975-05711/1975,0,,www.tauramena-casanare.gov.co/
Cs05_,Cs5,Maní,Casanare,"4,809786","-72,291412",1879,200,27,1007,2890,El territorio es plano en su totalidad.,"agricultura,  ganadería","Caminos carreteables ,  servicio aéreo , con algunas poblaciones de Colombia.",03/8/1976-03/10/1976,0,,www.mani-casanare.gov.co/
Cs06_,Cs6,Orocué,Casanare,"4,806365","-71,356201",1850,143,28,6262,8632,El territorio es plano en su totalidad.,"agricultura,  ganadería","Caminos carreteables, vía fluvial,  servicio aéreo con ciudades ,  poblaciones del País.",03/05/1976-03/07/1976,0,,www.orocue-casanare.gov.co/
Am01_,Am1,Leticia,Amazonas,"-4,19303","-69,944458",1867,96,29,0,14875,"El territorio es plano,  bajo, cenagoso, cubierto de selva, con gran variedad de flora y fauna.","explotación, exploración de productos forestales,  de animales , pesca, agricultura, comercio.","Bogotá vía aérea, Ríos ",09/17/1975-09/24/1975,0,,www.leticia-amazonas.gov.co/
